Suite/Test/Step Name,Browser,Description,Tag,Start time,End time,Duration,Status
AmazonLogin_Datadriven,Chrome 121.0.0.0,,,2024-02-21 12:02:21,2024-02-21 12:02:42,21.458s,ERROR
,,,,,,,
Test Cases/DataDrivenTesting/TC_Amazon_Validating_loginDD,Chrome 121.0.0.0,,,2024-02-21 12:02:21,2024-02-21 12:02:42,21.265s,ERROR
"openBrowser("""")",Chrome 121.0.0.0,,,2024-02-21 12:02:22,2024-02-21 12:02:24,1.916s,PASSED
"navigateToUrl(""https://www.amazon.com/"")",Chrome 121.0.0.0,,,2024-02-21 12:02:24,2024-02-21 12:02:26,1.964s,PASSED
delay(2),Chrome 121.0.0.0,,,2024-02-21 12:02:26,2024-02-21 12:02:28,2.042s,PASSED
"rightClick(findTestObject(""OR_Amazon_validating_login/Page_Amazon.com. Spend less. Smile more/span_Account  Lists""), STOP_ON_FAILURE)",Chrome 121.0.0.0,,,2024-02-21 12:02:28,2024-02-21 12:02:36,8.360s,PASSED
"click(findTestObject(""Object Repository/OR_Amazon_validating_login/Page_Amazon.com. Spend less. Smile more/span_Sign in""))",Chrome 121.0.0.0,,,2024-02-21 12:02:36,2024-02-21 12:02:40,3.889s,PASSED
delay(2),Chrome 121.0.0.0,,,2024-02-21 12:02:40,2024-02-21 12:02:42,2.020s,PASSED
"setText(findTestObject(""Object Repository/OR_Amazon_validating_login/Page_Amazon Sign-In/input_email""))",Chrome 121.0.0.0,,,2024-02-21 12:02:42,2024-02-21 12:02:42,0.094s,ERROR
