Suite/Test/Step Name,Browser,Description,Tag,Start time,End time,Duration,Status
TC_Amazon_searchbar,Chrome 121.0.0.0,,,2024-02-21 19:28:46,2024-02-21 19:29:14,27.862s,FAILED
,,,,,,,
Test Cases/TC_Amazon_searchbar_001,Chrome 121.0.0.0,"does the search bar directs to correct page, after execution.",,2024-02-21 19:28:47,2024-02-21 19:29:14,27.556s,FAILED
"openBrowser("""")",Chrome 121.0.0.0,,,2024-02-21 19:28:47,2024-02-21 19:28:49,2.362s,PASSED
"navigateToUrl(""https://www.amazon.com/"")",Chrome 121.0.0.0,,,2024-02-21 19:28:49,2024-02-21 19:28:58,8.440s,PASSED
delay(2),Chrome 121.0.0.0,,,2024-02-21 19:28:58,2024-02-21 19:29:00,2.095s,PASSED
"selectOptionByValue(findTestObject(""Object Repository/OR_Amazon_searchbar_001/Page_Amazon.com. Spend less. Smile more/select_All Departments        Arts  Crafts _135c92""), ""search-alias=stripbooks-intl-ship"", true)",Chrome 121.0.0.0,,,2024-02-21 19:29:00,2024-02-21 19:29:14,14.278s,FAILED
