Suite/Test/Step Name,Browser,Description,Tag,Start time,End time,Duration,Status
AmazonLogin_Datadriven,Chrome 121.0.0.0,,,2024-02-21 12:09:41,2024-02-21 12:10:02,21.162s,ERROR
,,,,,,,
Test Cases/DataDrivenTesting/TC_Amazon_Validating_loginDD,Chrome 121.0.0.0,,,2024-02-21 12:09:41,2024-02-21 12:10:02,20.308s,ERROR
"openBrowser("""")",Chrome 121.0.0.0,,,2024-02-21 12:09:42,2024-02-21 12:09:44,1.754s,PASSED
"navigateToUrl(""https://www.amazon.com/"")",Chrome 121.0.0.0,,,2024-02-21 12:09:44,2024-02-21 12:09:45,1.226s,PASSED
"doubleClick(findTestObject(""Object Repository/OR_Amazon_validating_login/Page_Amazon.com. Spend less. Smile more/div_Hello, sign in""))",Chrome 121.0.0.0,,,2024-02-21 12:09:45,2024-02-21 12:10:00,15.408s,PASSED
"setText(findTestObject(""Object Repository/OR_Amazon_validating_login/Page_Amazon Sign-In/input_email""), """")",Chrome 121.0.0.0,,,2024-02-21 12:10:00,2024-02-21 12:10:01,0.926s,PASSED
"click(findTestObject(""Object Repository/OR_Amazon_validating_login/Page_Amazon Sign-In/inputcontinue""))",Chrome 121.0.0.0,,,2024-02-21 12:10:01,2024-02-21 12:10:02,0.419s,PASSED
"setEncryptedText(findTestObject(""Object Repository/OR_Amazon_validating_login/Page_Amazon Sign-In/input_password""), Password)",Chrome 121.0.0.0,,,2024-02-21 12:10:02,2024-02-21 12:10:02,0.139s,ERROR
