Suite/Test/Step Name,Browser,Description,Tag,Start time,End time,Duration,Status
AmazonLogin_Datadriven,Chrome 121.0.0.0,,,2024-02-21 11:50:15,2024-02-21 11:50:37,22.582s,ERROR
,,,,,,,
Test Cases/DataDrivenTesting/TC_Amazon_Validating_loginDD,Chrome 121.0.0.0,,,2024-02-21 11:50:15,2024-02-21 11:50:37,22.375s,ERROR
"openBrowser("""")",Chrome 121.0.0.0,,,2024-02-21 11:50:16,2024-02-21 11:50:18,1.658s,PASSED
"navigateToUrl(""https://www.amazon.com/"")",Chrome 121.0.0.0,,,2024-02-21 11:50:18,2024-02-21 11:50:19,1.173s,PASSED
delay(2),Chrome 121.0.0.0,,,2024-02-21 11:50:19,2024-02-21 11:50:21,2.047s,PASSED
"rightClick(findTestObject(""OR_Amazon_validating_login/Page_Amazon.com. Spend less. Smile more/span_Account  Lists""), STOP_ON_FAILURE)",Chrome 121.0.0.0,,,2024-02-21 11:50:21,2024-02-21 11:50:31,10.631s,PASSED
"click(findTestObject(""Object Repository/OR_Amazon_validating_login/Page_Amazon.com. Spend less. Smile more/span_Sign in""))",Chrome 121.0.0.0,,,2024-02-21 11:50:31,2024-02-21 11:50:35,3.829s,PASSED
delay(2),Chrome 121.0.0.0,,,2024-02-21 11:50:35,2024-02-21 11:50:37,2.012s,PASSED
"setText(findTestObject(""Object Repository/OR_Amazon_validating_login/Page_Amazon Sign-In/input_email""), Username)",Chrome 121.0.0.0,,,2024-02-21 11:50:37,2024-02-21 11:50:37,0.101s,ERROR
