Suite/Test/Step Name,Browser,Description,Tag,Start time,End time,Duration,Status
AmazonLogin_Datadriven,Chrome 121.0.0.0,,,2024-02-21 12:08:44,2024-02-21 12:09:02,18.421s,ERROR
,,,,,,,
Test Cases/DataDrivenTesting/TC_Amazon_Validating_loginDD,Chrome 121.0.0.0,,,2024-02-21 12:08:44,2024-02-21 12:09:02,18.209s,ERROR
"openBrowser("""")",Chrome 121.0.0.0,,,2024-02-21 12:08:45,2024-02-21 12:08:46,1.699s,PASSED
"navigateToUrl(""https://www.amazon.com/"")",Chrome 121.0.0.0,,,2024-02-21 12:08:46,2024-02-21 12:08:48,1.240s,PASSED
"doubleClick(findTestObject(""Object Repository/OR_Amazon_validating_login/Page_Amazon.com. Spend less. Smile more/div_Hello, sign in""))",Chrome 121.0.0.0,,,2024-02-21 12:08:48,2024-02-21 12:09:00,12.352s,PASSED
"setText(findTestObject(""Object Repository/OR_Amazon_validating_login/Page_Amazon Sign-In/input_email""), """")",Chrome 121.0.0.0,,,2024-02-21 12:09:00,2024-02-21 12:09:01,1.317s,PASSED
"click(findTestObject(""Object Repository/OR_Amazon_validating_login/Page_Amazon Sign-In/inputcontinue""))",Chrome 121.0.0.0,,,2024-02-21 12:09:01,2024-02-21 12:09:02,0.416s,PASSED
"setEncryptedText(findTestObject(""Object Repository/OR_Amazon_validating_login/Page_Amazon Sign-In/input_password""), Password)",Chrome 121.0.0.0,,,2024-02-21 12:09:02,2024-02-21 12:09:02,0.163s,ERROR
