Suite/Test/Step Name,Browser,Description,Tag,Start time,End time,Duration,Status
AmazonLogin_Datadriven,,,,2024-02-21 19:22:52,2024-02-21 19:22:59,7.548s,FAILED
,,,,,,,
Test Cases/DataDrivenTesting/TC_Amazon_Validating_loginDD,,,,2024-02-21 19:22:52,2024-02-21 19:22:56,3.752s,FAILED
"openBrowser("""")",,,,2024-02-21 19:22:53,2024-02-21 19:22:56,3.158s,FAILED
,,,,,,,
Test Cases/DataDrivenTesting/TC_Amazon_Validating_loginDD,,,,2024-02-21 19:22:56,2024-02-21 19:22:57,1.124s,FAILED
"openBrowser("""")",,,,2024-02-21 19:22:56,2024-02-21 19:22:57,1.081s,FAILED
,,,,,,,
Test Cases/DataDrivenTesting/TC_Amazon_Validating_loginDD,,,,2024-02-21 19:22:57,2024-02-21 19:22:58,0.998s,FAILED
"openBrowser("""")",,,,2024-02-21 19:22:57,2024-02-21 19:22:58,0.968s,FAILED
,,,,,,,
Test Cases/DataDrivenTesting/TC_Amazon_Validating_loginDD,,,,2024-02-21 19:22:58,2024-02-21 19:22:59,1.064s,FAILED
"openBrowser("""")",,,,2024-02-21 19:22:58,2024-02-21 19:22:59,1.041s,FAILED
